id,audio_path,image_folder,posted,last_image_index
1,audio/M (54).mp3,images/M,True,6
2,audio/W (37).mp3,images/W,True,7
3,audio/M (61).mp3,images/M,True,11
4,audio/M (31).mp3,images/M,True,9
5,audio/M (50).mp3,images/M,True,6
6,audio/M (65).mp3,images/M,True,4
7,audio/W (36).mp3,images/W,True,8
8,audio/W (6).mp3,images/W,True,2
9,audio/W (20).mp3,images/W,True,16
10,audio/W (23).mp3,images/W,False,0
11,audio/M (20).mp3,images/M,False,0
12,audio/W (34).mp3,images/W,False,0
13,audio/M (32).mp3,images/M,False,0
14,audio/M (22).mp3,images/M,False,0
15,audio/W (22).mp3,images/W,False,0
16,audio/M (46).mp3,images/M,False,0
17,audio/M (25).mp3,images/M,False,0
18,audio/W (2).mp3,images/W,False,0
19,audio/W (14).mp3,images/W,False,0
20,audio/M (37).mp3,images/M,False,0
21,audio/W (35).mp3,images/W,False,0
22,audio/W (11).mp3,images/W,False,0
23,audio/W (15).mp3,images/W,False,0
24,audio/M (34).mp3,images/M,False,0
25,audio/M (66).mp3,images/M,False,0
26,audio/M (57).mp3,images/M,False,0
27,audio/M (38).mp3,images/M,False,0
28,audio/M (6).mp3,images/M,False,0
29,audio/M (51).mp3,images/M,False,0
30,audio/M (12).mp3,images/M,False,0
31,audio/M (53).mp3,images/M,False,0
32,audio/M (59).mp3,images/M,False,0
33,audio/W (10).mp3,images/W,False,0
34,audio/W (12).mp3,images/W,False,0
35,audio/M (63).mp3,images/M,False,0
36,audio/M (45).mp3,images/M,False,0
37,audio/M (36).mp3,images/M,False,0
38,audio/M (24).mp3,images/M,False,0
39,audio/M (52).mp3,images/M,False,0
40,audio/M (18).mp3,images/M,False,0
41,audio/W (32).mp3,images/W,False,0
42,audio/M (15).mp3,images/M,False,0
43,audio/M (60).mp3,images/M,False,0
44,audio/W (3).mp3,images/W,False,0
45,audio/W (19).mp3,images/W,False,0
46,audio/M (17).mp3,images/M,False,0
47,audio/M (48).mp3,images/M,False,0
48,audio/M (1).mp3,images/M,False,0
49,audio/W (30).mp3,images/W,False,0
50,audio/M (29).mp3,images/M,False,0
51,audio/M (43).mp3,images/M,False,0
52,audio/W (4).mp3,images/W,False,0
53,audio/M (41).mp3,images/M,False,0
54,audio/W (31).mp3,images/W,False,0
55,audio/M (21).mp3,images/M,False,0
56,audio/M (16).mp3,images/M,False,0
57,audio/W (5).mp3,images/W,False,0
58,audio/W (16).mp3,images/W,False,0
59,audio/M (3).mp3,images/M,False,0
60,audio/M (7).mp3,images/M,False,0
61,audio/M (56).mp3,images/M,False,0
62,audio/W (13).mp3,images/W,False,0
63,audio/W (17).mp3,images/W,False,0
64,audio/W (9).mp3,images/W,False,0
65,audio/W (29).mp3,images/W,False,0
66,audio/M (11).mp3,images/M,False,0
67,audio/M (44).mp3,images/M,False,0
68,audio/M (23).mp3,images/M,False,0
69,audio/M (5).mp3,images/M,False,0
70,audio/M (10).mp3,images/M,False,0
71,audio/M (13).mp3,images/M,False,0
72,audio/M (30).mp3,images/M,False,0
73,audio/W (25).mp3,images/W,False,0
74,audio/M (42).mp3,images/M,False,0
75,audio/W (1).mp3,images/W,False,0
76,audio/M (55).mp3,images/M,False,0
77,audio/W (38).mp3,images/W,False,0
78,audio/M (39).mp3,images/M,False,0
79,audio/M (35).mp3,images/M,False,0
80,audio/W (18).mp3,images/W,False,0
81,audio/W (26).mp3,images/W,False,0
82,audio/M (14).mp3,images/M,False,0
83,audio/M (26).mp3,images/M,False,0
84,audio/M (40).mp3,images/M,False,0
85,audio/M (33).mp3,images/M,False,0
86,audio/M (58).mp3,images/M,False,0
87,audio/M (28).mp3,images/M,False,0
88,audio/M (62).mp3,images/M,False,0
89,audio/W (24).mp3,images/W,False,0
90,audio/M (47).mp3,images/M,False,0
91,audio/W (33).mp3,images/W,False,0
92,audio/W (21).mp3,images/W,False,0
93,audio/W (7).mp3,images/W,False,0
94,audio/M (2).mp3,images/M,False,0
95,audio/M (8).mp3,images/M,False,0
96,audio/W (8).mp3,images/W,False,0
97,audio/M (27).mp3,images/M,False,0
98,audio/M (64).mp3,images/M,False,0
99,audio/M (9).mp3,images/M,False,0
100,audio/M (49).mp3,images/M,False,0
101,audio/W (27).mp3,images/W,False,0
102,audio/M (4).mp3,images/M,False,0
103,audio/W (28).mp3,images/W,False,0
104,audio/M (19).mp3,images/M,False,0
